Mammoth,White,Black,Location,Year,Event,Result,Moves,Opening,Nickname,Link
no,Gioachino Greco,NN,"London, England",1623,London 1623,1-0,8,Owen Defense,Weak h5-e8 Diagonal,https://www.chessgames.com/perl/chessgame?gid=1243022
no,Kermur Sire De Legal,Saint Brie,"Paris, France",1750,Paris 1750,1-0,7,Bishop's Opening,Original Legal's Mate,https://www.chessgames.com/perl/chessgame?gid=1251892
no,Thomas Bowdler,Henry Seymour Conway,"London, England",1788,Casual Game,1-0,23,Bishop's Opening,Take My Rooks!,https://www.chessgames.com/perl/chessgame?gid=1282695
no,Andrew Smith,Francois Philidor,"London, England",1790,Simul,0-1,33,Bishop's Opening,Pawns are the Soul of Chess,https://www.chessgames.com/perl/chessgame?gid=1257921
yes,Alexander McDonnell,Louis-Charles Mahé de La Bourdonnais,"London, England",1834,"La Bourdonnais - McDonnell Match 4, Game 16",0-1,37,Sicilian Defense: Löwenthal Variation,Rolling Pawns,https://www.chessgames.com/perl/chessgame?gid=1001165
no,Pierre de Saint-Amant,Howard Staunton,"Paris, France",1843,"Staunton - Saint-Amant Match 1843, Game 21",0-1,66,Queen's Gambit: Tarrach Defense,The Classic Positional Exchange Sac,https://www.chessgames.com/perl/chessgame?gid=1001210
no,F Alexander Hoffmann,Alexander Petrov,"Warsaw, Poland",1844,Warsaw 1844,0-1,20,Giuoco Piano,Petrov's Immortal,https://www.chessgames.com/perl/chessgame?gid=1257910
no,Paul Morphy,Alonzo Morphy,"New Orleans, USA",1850,Casual Game,1-0,18,Two Knights Defense: Fried Liver Attack,Fried Liver,https://www.chessgames.com/perl/chessgame?gid=1238144
yes,Adolf Anderssen,Lionel Kieseritzky,"London, England",1851,Casual Game,1-0,23,"King's Gambit Accepted, Bishop's Gambit",The Immortal Game,https://www.chessgames.com/perl/chessgame?gid=1018910
yes,Adolf Anderssen,Jean Dufresne,"Berlin, Germany",1852,Casual Game,1-0,20,Giuoco Piano: Evan's Gambit,The Evergreen Game,https://www.chessgames.com/perl/chessgame?gid=1018961
no,John William Schulten,Paul Morphy,"New York, USA",1857,New York 1857,0-1,23,King's Gambit: Falkbeer Countergambit,,https://www.chessgames.com/perl/chessgame?gid=1075588
no,Louis Paulsen,Paul Morphy,"New York, USA",1857,"1st American Congress, Round 4",0-1,28,Four Knights Game: Spanish,The d3 Hole,https://www.chessgames.com/perl/chessgame?gid=1242884
no,Paul Morphy,The Duke and the Count,"Paris, France",1858,Casual Game,1-0,17,Philidor Defense,The Opera Game,https://www.chessgames.com/perl/chessgame?gid=1233404
no,Paul Morphy,Adolf Anderssen,"Paris, France",1858,"Morphy Anderssen Match, Round 9",1-0,17,Sicilian Defense: Paulsen Szen Variation,,https://www.chessgames.com/perl/chessgame?gid=1019056
no,Paul Morphy,Adolf Anderssen,"Paris, France",1858,Casual Game,1-0,23,"King's Gambit, Kieseritsky Gambit",,https://www.chessgames.com/perl/chessgame?gid=1019060
no,Henry Bird,Paul Morphy,"London, England",1858,Casual Game,0-1,29,Philidor Defense: Philidor Countergambit,He Came From Across the Ocean,https://www.chessgames.com/perl/chessgame?gid=1027914
no,Paul Morphy,Schrufer,"Paris, France",1859,Paris 1859,1-0,24,Scotch Gambit,Smothered Mate,https://www.chessgames.com/perl/chessgame?gid=1224566
no,Reiner,Wilhelm Steinitz,"Vienna, Austria",1860,Casual Game,0-1,18,Scotch Gambit,Arabian Mate,https://www.chessgames.com/perl/chessgame?gid=1132565
no,Karl Mayet,Philipp Hirschfeld,"Berlin, Germany",1861,Berlin 1861,0-1,15,"King's Gambit, Mayet Gambit",,https://www.chessgames.com/perl/chessgame?gid=1075619
no,John Odin Howard Taylor,NN,"London, England",1862,Casual Game,1-0,13,Bishop's Opening: Boden-Kieseritsky Gambit,King Walk on the Queenside,https://www.chessgames.com/perl/chessgame?gid=1336733
no,Wilhelm Steinitz,Augustus Mongredien,"London, England",1862,5th BCA Congress,1-0,29,Scandinavian Defense,,https://www.chessgames.com/perl/chessgame?gid=1001497
no,Serafino Dubois,Wilhelm Steinitz,"London, England",1862,5th BCA Congress,0-1,37,Giuoco Piano: Giuoco Pianissimo,,https://www.chessgames.com/perl/chessgame?gid=1224575
no,Hans Lindehn,Ladislas Maczuski,"Paris, France",1863,Casual Game,1-0,16,Danish Gambit,Shades of Fischer Fine,https://www.chessgames.com/perl/chessgame?gid=1336769
no,Ladislas Maczuski,Ignatz von Kolisch,"Paris, France",1863,Paris 1863,1-0,15,Scotch Game,Shades of Reti Tartakower,https://www.chessgames.com/perl/chessgame?gid=1080476
no,William Norwood Potter,NN,"London, England",1870,Casual Game,1-0,15,Four Knights Game,,https://www.chessgames.com/perl/chessgame?gid=1401317
no,Wilhelm Steinitz,Louis Paulsen,"Baden-Baden, Germany",1870,"Baden-Baden 1870, Round 13",1-0,36,Vienna Gambit,King Stroll,https://www.chessgames.com/perl/chessgame?gid=1255422
no,Karl Hamppe,Philipp Meitner,"Vienna, Austria",1872,Vienna 1872,1/2-1/2,18,Vienna Gambit,The Immortal Draw,https://www.chessgames.com/perl/chessgame?gid=1250160
no,Victor Knorre,Mikhail Chigorin,"St. Petersburg, Russia",1874,St. Petersburg 1874,0-1,14,Giuoco Piano,,https://www.chessgames.com/perl/chessgame?gid=1337259
no,James Mason,Simon Winawer,"Vienna, Austria",1882,"Vienna 1882, Round 27",1-0,56,Giuoco Piano: Giuoco Pianissimo,Steinitz's Maneuver,https://www.chessgames.com/perl/chessgame?gid=1001754
yes,Johannes Zukertort,Joseph Henry Blackburne,"London, England",1883,"London 1883, Round 6",1-0,33,English Opening: Agincourt Defense,Zukertort's Immortal,https://www.chessgames.com/perl/chessgame?gid=1001854
no,Max Weiss,William Pollock,"New York, USA",1889,"6th American Congress, Round 35",0-1,29,Ruy Lopez: Anderssen Variation,,https://www.chessgames.com/perl/chessgame?gid=1002344
no,Emanuel Lasker,Johann Hermann Bauer,"Amsterdam, Netherlands",1889,"Amsterdam 1889, Round 1 ",1-0,38,Bird Opening,Lasker's Double Bishop Sacrifice,https://www.chessgames.com/perl/chessgame?gid=1026352
no,Rezso Charousek,K Schneider,"Miskolc, Hungary",1891,Casual Game,1-0,21,King's Gambit Accepted,,https://www.chessgames.com/perl/chessgame?gid=1036101
no,Siegbert Tarrasch,Georg Marco,"Dresden, Germany",1892,"7th DSB Congress, Round 7",1-0,18,Ruy Lopez: Stinitz Defense,Tarrasch's Trap,https://www.chessgames.com/perl/chessgame?gid=1283366
no,Mikhail Chigorin,Wilhelm Steinitz,"Havana, Cuba",1892,"Steinitz - Chigorin Rematch, Round 1",1-0,31,Giuoco Piano: Evan's Gambit,,https://www.chessgames.com/perl/chessgame?gid=1264014
yes,Wilhelm Steinitz,Mikhail Chigorin,"Havana, Cuba",1892,"Steinitz - Chigorin Rematch, Round 4",1-0,28,Ruy Lopez: Berlin Defense,Steinitz's Knight Maneuver,https://www.chessgames.com/perl/chessgame?gid=1036342
no,Bernhard Fleissig,Carl Schlechter,"Vienna, Austria",1893,Casual Game,0-1,18,Polish Opening,Schlechter's Immortal,https://www.chessgames.com/perl/chessgame?gid=1120921
no,Siegbert Tarrasch,Carl Schlechter,"Leipzig, Germany",1894,"9th DSB Congress, Round 1",1-0,40,Ruy Lopez: Stinitz Defense,Exploiting a Cramped Opponent,https://www.chessgames.com/perl/chessgame?gid=1120925
no,Siegbert Tarrasch,Theodor von Scheve,"Leipzig, Germany",1894,"9th DSB Congress, Round 5",1-0,30,Queen's Gambit Declined: Harrwitz Attack,Tarrasch's Master Plan,https://www.chessgames.com/perl/chessgame?gid=1258210
no,Rezso Charousek,Jakob Wollner,"Kosice, Slovakia",1894,Casual Game,1-0,18,Danish Gambit,,https://www.chessgames.com/perl/chessgame?gid=1036115
no,Rezso Charousek,Moritz Englander,"Kosice, Slovakia",1894,Casual Game,1-0,33,Alapin Opening,,https://www.chessgames.com/perl/chessgame?gid=1036125
no,Rezso Charousek,Jakob Wollner,"Kosice, Slovakia",1895,Casual Game,1-0,21,King's Gambit Accepted,,https://www.chessgames.com/perl/chessgame?gid=1036141
no,Harry Nelson Pillsbury,Siegbert Tarrasch,"Hastings, England",1895,"Hastings 1895, Round 2",1-0,52,Queen's Gambit Declined: Orthodox Defense,,https://www.chessgames.com/perl/chessgame?gid=1109079
no,Wilhelm Steinitz,Curt von Bardeleben,"Hastings, England",1895,"Hastings 1895, Round 10",1-0,25,Giuoco Piano: Classical Variation,The Battle of Hastings,https://www.chessgames.com/perl/chessgame?gid=1132699
no,Harry Nelson Pillsbury,James Mason,"Hastings, England",1895,"Hastings 1985, Round 10",1-0,36,Queen's Gambit Declined,,https://www.chessgames.com/perl/chessgame?gid=1109085
no,Harry Nelson Pillsbury,Isidor Gunsberg,"Hastings, England",1895,"Hastings 1895, Round 21",1-0,40,Slav Defense,,https://www.chessgames.com/perl/chessgame?gid=1054736
no,Emanuel Lasker,Harry Nelson Pillsbury,"St. Petersburg, Russia",1895,"St. Petersburg Quadrangular 1895/96, Round 1",0-1,33,Petrov's Defense,,https://www.chessgames.com/perl/chessgame?gid=1109091
yes,Harry Nelson Pillsbury,Emanuel Lasker,"St. Petersburg, Russia",1896,"St. Petersburg Quadrangular 1895/96, Round 10",0-1,30,Queen's Gambit Declined: Tarrasch Defense,,https://www.chessgames.com/perl/chessgame?gid=1109097
no,Wilhelm Steinitz,Emanuel Lasker,"St. Petersburg, Russia",1896,"St. Petersburg Quadrangular 1895/96, Round 11",1-0,31,Queen's Gambit Declined: Harrwitz Attack,,https://www.chessgames.com/perl/chessgame?gid=1132744
no,Moritz Porges,Emanuel Lasker,"Nuremberg, Germany",1896,"Nuremberg 1896, Round 1",0-1,33,Ruy Lopez: Berlin Defense,,https://www.chessgames.com/perl/chessgame?gid=1290698
no,Harry Nelson Pillsbury,Emanuel Lasker,"Nuremberg, Germany",1896,"Nuremberg 1896, Round 9",1-0,50,French Defense: Steinitz Variation,,https://www.chessgames.com/perl/chessgame?gid=1109111
no,David Janowski,Emil Schallopp,"Nuremberg, Germany",1896,"Nuremberg 1896, Round 9",1-0,17,Queen's Gambit Accepted,,https://www.chessgames.com/perl/chessgame?gid=1064502
no,Simon Winawer,Wilhelm Steinitz,"Nuremberg, Germany",1896,"Nuremberg 1896, Round 12",1-0,20,Center Game,,https://www.chessgames.com/perl/chessgame?gid=1132735
no,Harry Nelson Pillsbury,Simon Winawer,"Budapest, Hungary",1896,"Budapest 1896, Round 12",1-0,21,Semi-Slav Defense,,https://www.chessgames.com/perl/chessgame?gid=1002579
no,Karoly Zambelly,Geza Maroczy,Correspondence,1897,Correspondence Game,0-1,26,Eliphant Gambit,,https://www.chessgames.com/perl/chessgame?gid=1094173
no,Rezso Charousek,Geza Maroczy,"Budapest, Hungary",1897,Budapest-Nagyteteny 4 Masters 1897,0-1,26,French Defense,,https://www.chessgames.com/perl/chessgame?gid=1036195
no,Rezso Charousek,Gyozo Exner,"Budapest, Hungary",1897,Casual Game,1-0,29,Blackmar-Diemer Gambit,,https://www.chessgames.com/perl/chessgame?gid=1036177
no,Harry Nelson Pillsbury,Francis Lee,"London, England",1899,"London 1899, Round 15",1-0,26,Queen's Gambit Declined,Pillsbury's Mate,https://www.chessgames.com/perl/chessgame?gid=1109174
no,Georg Marco,Geza Maroczy,"Vienna, Austria",1899,"2nd Kolisch Memorial 1899, Round 2",0-1,78,French Defense: Exchange Variation,,https://www.chessgames.com/perl/chessgame?gid=1273731
no,Carl Schlechter,Philipp Meitner,"Vienna, Austria",1899,Vienna 1899,1-0,34,Giuoco Piano: Greco Gambit,,https://www.chessgames.com/perl/chessgame?gid=1121017
no,Albert Fox,H E Bauer,"Antwerp, Belgium",1900,Antwerp 1900,1-0,21,Ruy Lopez: Berlin Defense,,https://www.chessgames.com/perl/chessgame?gid=1242900
no,Harry Nelson Pillsbury,Fernandez,"Havana, Cuba",1900,Blindford Simul,1-0,9,Vienna Gambit,Legal's Mate,https://www.chessgames.com/perl/chessgame?gid=1109213
no,Harry Nelson Pillsbury,Geza Maroczy,"Paris, France",1900,"Paris 1900, Round 6",1-0,46,French Defense: Tarrasch Variation,,https://www.chessgames.com/perl/chessgame?gid=1000043
no,Harry Nelson Pillsbury,Georg Marco,"Paris, France",1900,"Paris 1900, Round 12",1-0,26,Queen's Gambit Declined: Pillsbury Attack,Pillsbury Attack,https://www.chessgames.com/perl/chessgame?gid=1000091
no,Frank Marshall,Amos Burn,"Paris, France",1900,"Paris 1900, Round 14",1-0,18,Queen's Gambit Declined,The Pipe Game,https://www.chessgames.com/perl/chessgame?gid=1000105
no,Leo Forgacs,Geza Maroczy,"Budapest, Hungary",1902,Budapest 1902,0-1,27,French Defense,,https://www.chessgames.com/perl/chessgame?gid=1094229
no,Geza Maroczy,Mikhail Chigorin,"Vienna, Austria",1903,"Vienna 1903, Round 3",1-0,24,King's Gambit Accepted,,https://www.chessgames.com/perl/chessgame?gid=1036581
no,Jacques Mieses,Geza Maroczy,"Monte Carlo, Monaco",1903,"Monte Carlo 1903, Round 16",0-1,23,Danish Gambit,,https://www.chessgames.com/perl/chessgame?gid=1094238
no,Frank Marshall,Georg Marco,"Monte Carlo, Monaco",1904,"Monte Carlo 1904, Round 4",1-0,76,Scotch Gambit,,https://www.chessgames.com/perl/chessgame?gid=1094594
no,Frank Marshall,Theodor von Scheve,"Monte Carlo, Monaco",1904,"Monte Carlo 1904, Round 7",1-0,31,King's Gambit Accepted,,https://www.chessgames.com/perl/chessgame?gid=1076017
no,Carl Schlechter,Georg Marco,"Monte Carlo, Monaco",1904,"Monte Carlo 1904, Round 10",1-0,32,Queen's Gambit Declined,,https://www.chessgames.com/perl/chessgame?gid=1099089
no,Frank Marshall,Harry Nelson Pillsbury,"Cambridge Springs, USA",1904,"Cambridge Springs 1904, Round 2",1-0,23,Pirc Defense: Austrian Attack,,https://www.chessgames.com/perl/chessgame?gid=1036782
yes,Emanuel Lasker,William Ewart Napier,"Cambridge Springs, USA",1904,"Cambridge Springs 1904, Round 3",1-0,35,Sicilian Defense: Closed Variation,Sicilian Pawn Storm,https://www.chessgames.com/perl/chessgame?gid=1036787
no,Harry Nelson Pillsbury,Emanuel Lasker,"Cambridge Springs, USA",1904,"Cambridge Springs 1904, Round 6",1-0,30,Queen's Gambit Declined: Semi-Tarrasch Defense,,https://www.chessgames.com/perl/chessgame?gid=1036812
no,Geza Maroczy,Hugo Suechting,"Barmen, Germany",1905,"Barmen Meisterturnier, Round 2",1-0,48,Queen's Gambit Declined,,https://www.chessgames.com/perl/chessgame?gid=1002985
no,Carl Schlechter,Walter John,"Barmen, Germany",1905,"Barmen Meisterturnier, Round 8",1-0,50,Queen's Gambit Declined: Stonewall,Ne5 Outpost,https://www.chessgames.com/perl/chessgame?gid=1003034
no,David Janowski,Semion Alapin,"Barmen, Germany",1905,"Barmen Meisterturnier, Round 10",1-0,47,Queen's Gambit Declined,,https://www.chessgames.com/perl/chessgame?gid=1003047
no,Frank Marshall,Mikhail Chigorin,"Ostend, Belgium",1905,"Ostend 1905, Round 7",1-0,30,Dutch Defense,,https://www.chessgames.com/perl/chessgame?gid=1003429
no,Jacques Mieses,Mikhail Chigorin,"Ostend, Belgium",1906,"Ostend 1906, Round 3",1-0,15,Vienna Game,,https://www.chessgames.com/perl/chessgame?gid=1036624
yes,Georg Rotlewi,Akiba Rubinstein,"Lodz, Poland",1907,"Lodz 1907, Round 6",1-0,25,Queen's Gambit Declined: Tarrasch Defense,Rubinstein's Immortal,https://www.chessgames.com/perl/chessgame?gid=1119679
no,Theodor von Scheve,Richard Teichmann,"Berlin, Germany",1907,"Berlin Jubilee 1907, Round 9",0-1,17,"Giuoco Piano, 4...Qe7",,https://www.chessgames.com/perl/chessgame?gid=1141572
no,Carl Schlechter,Geza Maroczy,"Vienna, Austria",1907,1st Trebitsch Memorial 1907,1-0,28,Queen Pawn Game,,https://www.chessgames.com/perl/chessgame?gid=1094280
no,Geza Maroczy,Frank Marshall,"Karlsbad, Czech",1907,"Karlsbad 1907, Round 10",1-0,60,Four Knights Game,Queens vs Queen Endgames are all about King Safety,https://www.chessgames.com/perl/chessgame?gid=1003660
no,Frank Marshall,Amos Burn,"Ostend, Belgium",1907,"Ostend 1907, Round 14",1-0,20,King's Indian Defense,,https://www.chessgames.com/perl/chessgame?gid=1036038
no,Akiba Rubinstein,Georg Salwe,"Lodz, Poland",1908,"Marshall Triangular, Round 3",1-0,38,Queen's Gambit Declined: Tarrasch Defense,Hanging Pawns,https://www.chessgames.com/perl/chessgame?gid=1119705
no,Akiba Rubinstein,Oldrich Duras,"Vienna, Austria",1908,"Vienna 1908, Round 10",1-0,39,Queen Pawn Game,,https://www.chessgames.com/perl/chessgame?gid=1039803
yes,Akiba Rubinstein,Emanuel Lasker,"St. Petersburg, Russia",1909,"St. Petersburg 1909, Round 3",1-0,40,Queen's Gambit Declined,,https://www.chessgames.com/perl/chessgame?gid=1119726
no,Erich Cohn,Akiba Rubinstein,"St. Petersburg, Russia",1909,"St. Petersburg 1909, Round 10",0-1,38,Queen's Gambit Accepted,Grinding Out an Endgame,https://www.chessgames.com/perl/chessgame?gid=1119725
no,Frank Marshall,Jose Raul Capablanca,"New York, USA",1909,"Capablanca-Marshall Match 1909, Game 23",0-1,49,Tarrasch Defense,,https://www.chessgames.com/perl/chessgame?gid=1094832
no,Richard Reti,Savielly Tartakower,"Vienna, Austria",1910,Casual Game,1-0,11,"Caro Kann, 3.Nc3",Reti's Double Check,https://www.chessgames.com/perl/chessgame?gid=1250654
no,Roesch,Willi Schlage,"Hamburg, Germany",1910,Hamburg 1910 B Section,0-1,15,Ruy Lopez: Wormald Attack,2001: A Space Odyssey,https://www.chessgames.com/perl/chessgame?gid=1254321
no,Carl Schlechter,Emanuel Lasker,"Vienna, Austria",1910,"Lasker-Schlechter World Champtionship Match 1910, Game 5",1-0,58,Ruy Lopez: Berlin Defense,,https://www.chessgames.com/perl/chessgame?gid=1121161
no,Akiba Rubinstein,Jose Raul Capablanca,"San Sebastian, Spain",1911,"San Sebastian 1911, Round 13",1-0,42,Tarrasch Defense,,https://www.chessgames.com/perl/chessgame?gid=1119734
no,Carl Schlechter,Julius Perlis,"Karlsbad, Czech",1911,"Karlsbad 1911, Round 2",1-0,45,Slav Defense,,https://www.chessgames.com/perl/chessgame?gid=1000627
no,Edward Lasker,George Alan Thomas,"London, England",1912,Casual Game,1-0,18,Dutch Defense,King Walk,https://www.chessgames.com/perl/chessgame?gid=1259009
no,Stefan Levitsky,Frank Marshall,"Breslau, Germany",1912,"18th DSB Congress, Round 6",1-0,23,"French Defense, Marshall Gambit",Gold Coin Game,https://www.chessgames.com/perl/chessgame?gid=1094915
no,Akiba Rubinstein,Carl Schlechter,"San Sebastian, Spain",1912,"San Sebastian 1912, Round 13",1-0,39,Queen's Gambit Declined: Semi-Tarrasch Defense,,https://www.chessgames.com/perl/chessgame?gid=1119757
no,Alexander Alekhine,Akiba Rubinstein,"Vilnius, Lithuania",1912,"Vilnius All-Russian Masters 1912, Round 5",0-1,27,Ruy Lopez: Open Spanish,,https://www.chessgames.com/perl/chessgame?gid=1011831
no,David Janowski,Frank Marshall,"Biarritz, France",1912,"Janowski-Marshall, 4th Match 1912, Game 3",0-1,22,Petrov's Defense,,https://www.chessgames.com/perl/chessgame?gid=1064746
no,Karel Opocensky,Josef Hrdina,"Mladá Boleslav, Czech",1913,Mlada Boleslav-B 1913,1-0,19,"Four Knights Game: Spanish, Symmetrical Variation",,https://www.chessgames.com/perl/chessgame?gid=1242909
no,Aron Nimzowitsch,Semion Alapin,"St. Petersburg, Russia",1914,Casual Game,1-0,18,French Defense,Combining Reti and Morphy,https://www.chessgames.com/perl/chessgame?gid=1102375
yes,Ossip Bernstein,Jose Raul Capablanca,"Moscow, Russia",1914,"Moscow 1914, Round 1",1-0,29,Queen's Gambit Declined,,https://www.chessgames.com/perl/chessgame?gid=1261680
yes,Aron Nimzowitsch,Siegbert Tarrasch,"St. Petersburg, Russia",1914,"St. Petersburg 1914, Round 5",0-1,32,Queen's Gambit Declined: Tarrasch Defense,,https://www.chessgames.com/perl/chessgame?gid=1102384
no,Alexander Alekhine,Emanuel Lasker,"St. Petersburg, Russia",1914,"St. Petersburg 1914, Round 6",0-1,89,Ruy Lopez: Exchange Variation,,https://www.chessgames.com/perl/chessgame?gid=1011935
no,Emanuel Lasker,Jose Raul Capablanca,"St. Petersburg, Russia",1914,"St. Petersburg 1914, Round 7",1-0,42,Ruy Lopez: Exchange Variation,,https://www.chessgames.com/perl/chessgame?gid=1258181
no,Alexander Alekhine,Hans Fahrni,"Manheim, Germany",1914,"19th DSB Congress, Round 11",1-0,23,French Defense: Alekhine-Chatard Attack,,https://www.chessgames.com/perl/chessgame?gid=1011903
no,Alexander Alekhine,NN,"Moscow, Russia",1915,Casual Game,1-0,29,French Defense: McCutcheon,Five Queens,https://www.chessgames.com/perl/chessgame?gid=1282607
no,Ruger,Hans Gebhard,"Dresden, Germany",1915,Dresden 1915,1-0,17,Giuoco Piano: Greco Gambit,,https://www.chessgames.com/perl/chessgame?gid=1242910
no,David Janowski,Jose Raul Capablanca,"New York, USA",1916,"Rice Memorial 1916, Round 3",0-1,46,"Slav Defense, 4...Bf5",,https://www.chessgames.com/perl/chessgame?gid=1064780
no,Gyula Breyer,Johannes Esser,"Budapest, Hungary",1917,Budapest 1917,1-0,47,Slav Defense: Stonewall Formation,,https://www.chessgames.com/perl/chessgame?gid=1271593
no,Jose Raul Capablanca,Frank Marshall,"New York, USA",1918,"New York 1918, Round 1",1-0,36,Ruy Lopez: Marshall Attack,Marshall's Gambit,https://www.chessgames.com/perl/chessgame?gid=1095025
no,Jose Raul Capablanca,Marc Fonaroff,"New York, USA",1918,Casual Game,1-0,22,Philidor Defense,,https://www.chessgames.com/perl/chessgame?gid=1265585
no,William Winter,Jose Raul Capablanca,"Hastings, England",1919,"Hastings 1919, Round 5",0-1,29,Four Knights defense,Trapped Bishop,https://www.chessgames.com/perl/chessgame?gid=1055995
yes,Edwin Ziegler Adams,Carlos Torre Repetto,"New Orleans, USA",1920,Analysis,1-0,23,Philidor Defense,"Take My Queen, Dammit!",https://www.chessgames.com/perl/chessgame?gid=1143989
no,Akiba Rubinstein,Geza Maroczy,"Gothenburg, Sweden",1920,"Gothenburg 1920, Round 12",1-0,35,Queen's Gambit Declined,,https://www.chessgames.com/perl/chessgame?gid=1006604
no,Frank Marshall,Stodie,"Atlantic City, USA",1920,Casual Game,1-0,13,Sicilian Defense: Wing Gambit,,https://www.chessgames.com/perl/chessgame?gid=1095029
yes,Emanuel Lasker,Jose Raul Capablanca,"Havana, Cuba",1921,"World Championship 1921, Game 10",0-1,68,Queen's Gambit Declined,New Kid in Town,https://www.chessgames.com/perl/chessgame?gid=1241504
no,Alexander Alekhine,Fred Dewhirst Yates,"London, England",1922,"London 1922, Round 10",1-0,38,Queen's Gambit Declined,Dark Square Domination,https://www.chessgames.com/perl/chessgame?gid=1012123
no,Efim Bogoljubov,Alexander Alekhine,"Hastings, England",1922,"Hastings 1922, Round 10",0-1,53,Dutch Defense,Two Ways to Promote,https://www.chessgames.com/perl/chessgame?gid=1012099
no,Alexander Alekhine,Efim Bogoljubov,"Piestany, Slovakia",1922,"Bad Pistyan 1922, Round 15",1/2-1/2,47,Ruy Lopez,The Royal Game,https://www.chessgames.com/perl/chessgame?gid=1006949
yes,Geza Maroczy,Savielly Tartakower,"Teplice, Czech",1922,"Teplitz-Schonau 1922, Round 4",0-1,35,Dutch Defense,,https://www.chessgames.com/perl/chessgame?gid=1003826
no,Geza Maroczy,Milan Vidmar,"Ljubljana, Slovenia",1922,Ljubljana 1922,1-0,17,Scotch Gambit,,https://www.chessgames.com/perl/chessgame?gid=1269059
yes,Friedrich Saemisch,Aron Nimzowitsch,"Copenhagen, Denmark",1923,"Copenhagen 1923, Round 6",0-1,25,Queen's Indian Defense,The Immortal Zugzwang Game,https://www.chessgames.com/perl/chessgame?gid=1102400
yes,Ernst Gruenfeld,Alexander Alekhine,"Karlsbad, Czech",1923,"Karlsbad 1923, Round 2",0-1,34,Queen's Gambit Declined,,https://www.chessgames.com/perl/chessgame?gid=1012180
no,Akiba Rubinstein,Karel Hromadka,"Ostrava, Czech",1923,"Maehrisch-Ostrau 1923, Round 4",1-0,29,King's Gambit Declined,,https://www.chessgames.com/perl/chessgame?gid=1075094
yes,Jose Raul Capablanca,Savielly Tartakower,"New York, USA",1924,"New York 1924, Round 6",1-0,52,"Dutch Defense, Queen's Indian Setup",King Penetration in the Endgame,https://www.chessgames.com/perl/chessgame?gid=1102104
yes,Richard Reti,Efim Bogoljubov,"New York, USA",1924,"New York 1924, Round 12",1-0,25,Reti System,,https://www.chessgames.com/perl/chessgame?gid=1030774
no,David Janowski,Edward Lasker,"New York, USA",1924,"New York 1924, Round 21",1/2-1/2,71,London System,,https://www.chessgames.com/perl/chessgame?gid=1064810
yes,Richard Reti,Alexander Alekhine,"Baden-Baden, Germany",1925,"Baden-Baden 1925, Round 8",0-1,40,Hungarian Opening,,https://www.chessgames.com/perl/chessgame?gid=1012326
no,Carlos Torre Repetto,Emanuel Lasker,"Moscow, Russia",1925,"Moscow 1925, Round 12",1-0,43,Torre Attack,The Windmill,https://www.chessgames.com/perl/chessgame?gid=1100063
no,David Janowski,Friedrich Saemisch,"Mariánské Lázně, Czech",1925,"Marienbad 1925, Round 13",1-0,20,Torre Attack,,https://www.chessgames.com/perl/chessgame?gid=1064826
yes,Akiba Rubinstein,Alexander Alekhine,"Semmering, Austria",1926,"Semmering 1926, Round 8",0-1,29,Queen's Indian Defense,,https://www.chessgames.com/perl/chessgame?gid=1007571
yes,Paul Johner,Aron Nimzowitsch,"Dresden, Germany",1926,"Dresden 1926, Round 2",0-1,40,Nimzo-Indian Defense,,https://www.chessgames.com/perl/chessgame?gid=1007465
no,Aron Nimzowitsch,Jose Raul Capablanca,"New York, USA",1927,"New York 1927, Round 2",0-1,41,Queen's Gambit Declined,,https://www.chessgames.com/perl/chessgame?gid=1007807
yes,Jose Raul Capablanca,Rudolf Spielmann,"New York, USA",1927,"New York 1927, Round 13",1-0,26,Queen's Gambit Declined,,https://www.chessgames.com/perl/chessgame?gid=1007840
no,Jose Raul Capablanca,Alexander Alekhine,"Buenos Aires, Argentina",1927,"Capablanca - Alekhine World Championship Match 1927, Game 11",0-1,66,Queen's Gambit Declined: Cambridge Springs Variation,,https://www.chessgames.com/perl/chessgame?gid=1270221
no,Alexander Alekhine,Jose Raul Capablanca,"Buenos Aires, Argentina",1927,"Capablanca - Alekhine World Championship Match 1927, Game 34",1-0,82,Queen's Gambit Declined,,https://www.chessgames.com/perl/chessgame?gid=1012518
no,Rudolf Spielmann,Baldur Hoenlinger,"Vienna, Austria",1929,"Vienna 1929, Round 8",1-0,25,Caro Kann: Tartakower Variation,,https://www.chessgames.com/perl/chessgame?gid=1130925
no,Jose Raul Capablanca,Karel Treybal,"Karlsbad, Czech",1929,"Karlsbad 1929, Round 10",1-0,58,Slav Defense,,https://www.chessgames.com/perl/chessgame?gid=1066825
no,Milan Vidmar,Max Euwe,"Karlsbad, Czech",1929,"Karlsbad 1929, Round 16",1-0,37,Torre Attack,,https://www.chessgames.com/perl/chessgame?gid=1042304
no,Glucksberg,Miguel Najdorf,"Warsaw, Poland",1930,Warsaw 1930,0-1,22,Dutch Defense: Stonewall,The Polish Immortal,https://www.chessgames.com/perl/chessgame?gid=1100774
no,Alexander Alekhine,Aron Nimzowitsch,"San Remo, Italy",1930,"San Remo 1930, Round 3",1-0,30,French Defense: Winawer,Alekhine's Gun,https://www.chessgames.com/perl/chessgame?gid=1012683
no,Alexander Alekhine,Akiba Rubinstein,"San Remo, Italy",1930,"San Remo 1930, Round 14",1-0,46,Queen's Gambit Declined,The Rubinstein Trap,https://www.chessgames.com/perl/chessgame?gid=1007968
yes,Alexander Alekhine,Geza Maroczy,"Bled, Slovenia",1931,"Bled 1931, Round 24",1-0,28,Queen's Gambit Declined,,https://www.chessgames.com/perl/chessgame?gid=1012731
no,Rudolf Spielmann,Erich Eliskases,"Linz, Austria",1932,"Spielmann - Eliskases Match 1932, Game 7",0-1,32,Semi-Slav Defense: Noteboom Variation,,https://www.chessgames.com/perl/chessgame?gid=1040762
yes,Vsevolod Rauzer,Mikhail Botvinnik,"Leningrad, Russia",1933,"USSR Championship 1933, Round 4",0-1,29,Sicilian Defense: Dragon Variation,,https://www.chessgames.com/perl/chessgame?gid=1031806
no,Alexander Alekhine,Emanuel Lasker,"Zurich, Switzerland",1934,"Zurich 1934, Round 12",1-0,26,Queen's Gambit Declined,,https://www.chessgames.com/perl/chessgame?gid=1007985
no,Mikhail Botvinnik,Vitaly Chekhover,"Moscow, Russia",1935,"Moscow 1935, Round 16",1-0,43,English Opening,,https://www.chessgames.com/perl/chessgame?gid=1031877
no,Mikhail Botvinnik,Milan Vidmar,"Nottingham, England",1936,"Nottingham 1936, Round 13",1-0,24,Queen's Gambit Declined,,https://www.chessgames.com/perl/chessgame?gid=1008258
yes,Mikhail Botvinnik,Jose Raul Capablanca,"Rotterdam, Netherlands",1938,"AVRO 1938, Round 11",1-0,41,Nimzo-Indian Defense: Normal Line,On the Wrong Side of History,https://www.chessgames.com/perl/chessgame?gid=1031957
yes,Max Euwe,Paul Keres,"Rotterdam, Netherlands",1940,"Euwe - Keres 1939/40, Game 9",0-1,34,Queen's Indian Defense,,https://www.chessgames.com/perl/chessgame?gid=1042533
no,Frank Marshall,Hyman Rogosin,"New York, USA",1940,"Marshall Chess Club Championship 1940, Round 15",1-0,26,Sicilian Defense: Wing Gambit,,https://www.chessgames.com/perl/chessgame?gid=1095244
no,Paul Keres,Mikhail Botvinnik,"Moscow, Russia",1941,"USSR Championship 1941, Round 3",0-1,22,Nimzo-Indian Defense,,https://www.chessgames.com/perl/chessgame?gid=1032050
no,Vasily Smyslov,Iosif Rudakovsky,"Moscow, Russia",1945,"USSR Championship 1945, Round 2",1-0,29,Sicilian Defense: Scheveningen Variation,,https://www.chessgames.com/perl/chessgame?gid=1125461
no,Vasily Smyslov,Cenek Kottnauer,"Groningen, Netherlands",1946,"Groningen 1946, Round 14",1-0,21,Sicilian Defense: Scheveningen Variation,,https://www.chessgames.com/perl/chessgame?gid=1125510
no,Alexander Kotov,Tigran V Petrosian,"Moscow, Russia",1949,"USSR Championship 1949, Round 1",1-0,13,Queen's Gambit Declined: Exchange Variation,"Checks, Captures, and Threats",https://www.chessgames.com/perl/chessgame?gid=1084279
no,Mikhail Botvinnik,David Bronstein,"Moscow, Russia",1951,"Botvinnik - Bronstein World Championship 1951, Game 23",1-0,57,King's Indian Defense,Two Bishops in the Endgame,https://www.chessgames.com/perl/chessgame?gid=1032203
no,Josef Dobias,Jiri Podgorny,"Prague, Czech",1952,Prague 1952,1-0,20,French Defense: Rubinstein Variation,,https://www.chessgames.com/perl/chessgame?gid=1242964
no,Alexander Tolush,Vladimir Simagin,"Moscow, Russia",1952,"USSR Championship 1952, Round 8",0-1,39,Semi-Slav Defense: Meran Variation,The Petrosian Fork Prequel,https://www.chessgames.com/perl/chessgame?gid=1125109
no,Miguel Najdorf,Svetozar Gligoric,"Mar del Plata, Argentina",1953,"Mar del Plata 1953, Round 12",0-1,48,King's Indian Defense: Mar del Plata Variation,King's Indian Defense Novelty,https://www.chessgames.com/perl/chessgame?gid=1101261
yes,Efim Geller,Max Euwe,"Zurich, Switzerland",1953,"Zurich Candidates 1953, Round 2",0-1,26,Nimzo-Indian Defense: Saemisch,Counter the Counter,https://www.chessgames.com/perl/chessgame?gid=1042835
no,Mark Taimanov,Miguel Najdorf,"Zurich, Switzerland",1953,"Zurich Candidates 1953, Round 4",0-1,43,King's Indian Defense,,https://www.chessgames.com/perl/chessgame?gid=1101288
yes,Max Euwe,Miguel Najdorf,"Zurich, Switzerland",1953,"Zurich Candidates 1953, Round 9",1-0,37,King's Indian Defense,,https://www.chessgames.com/perl/chessgame?gid=1042813
yes,Yuri Averbakh,Alexander Kotov,"Zurich, Switzerland",1953,"Zurich Candidates 1953, Round 14",0-1,51,Indian Defense,,https://www.chessgames.com/perl/chessgame?gid=1084375
no,Alexander Kotov,Laszlo Szabo,"Zurich, Switzerland",1953,"Zurich Candidates 1953, Round 15",1-0,39,King's Indian Defense: Saemisch Variation,Opposite Day,https://www.chessgames.com/perl/chessgame?gid=1084370
yes,Paul Keres,Vasily Smyslov,"Zurich, Switzerland",1953,"Zurich Candidates 1953, Round 24",0-1,28,English Opening,,https://www.chessgames.com/perl/chessgame?gid=1072466
no,Victor Soultanbeieff,Dubyna,"Liege, Belgium",1953,Liege 1953,1-0,18,Queen's Indian Defense,,https://www.chessgames.com/perl/chessgame?gid=1557898
yes,Mikhail Botvinnik,Vasily Smyslov,"Moscow, Russia",1954,"Botvinnik - Smyslov World Championship Match 1954, Game 14",0-1,33,King's Indian Defense,,https://www.chessgames.com/perl/chessgame?gid=1032320
yes,Paul Keres,Laszlo Szabo,"Budapest, Hungary",1955,"HUN-URS 1955, Round 3",1-0,23,Sicilian Defense: Richter-Rauzer Variation,,https://www.chessgames.com/perl/chessgame?gid=1136833
yes,David Bronstein,Paul Keres,"Gothenburg, Sweden",1955,"Gothenburg Interzonal 1995, Round 7",1-0,39,Nimzo-Indian Defense,,https://www.chessgames.com/perl/chessgame?gid=1033895
no,Efim Geller,Oscar Panno,"Gothenburg, Sweden",1955,"Gothenburg Interzonal 1995, Round 14",1-0,23,Sicilian Defense: Najdorf Variation,Argentine Tragedy,https://www.chessgames.com/perl/chessgame?gid=1048762
yes,Donald Byrne,Robert James Fischer,"New York, USA",1956,"Third Rosenwald Trophy, Round 8",0-1,41,Grunfeld Defense,The Game of the Century,https://www.chessgames.com/perl/chessgame?gid=1008361
no,David Bronstein,Ernst Rojahn,"Moscow, Russia",1956,"Moscow Olympiad 1956, Round 5",1-0,38,Two Knights Defense: Morphy Variation,The Great Pyramid,https://www.chessgames.com/perl/chessgame?gid=1033954
no,Tigran V Petrosian,Vladimir Simagin,"Moscow, Russia",1956,"Moscow Championship 1956, Round 5",1-0,48,Old Indian Defense,The Petrosian Fork Part I,https://www.chessgames.com/perl/chessgame?gid=1106312
no,Bogdan Sliwa,David Bronstein,"Gotha, Germany",1957,"Gotha 1957, Round 4",1-0,29,Dutch Defense: Leningrad Variation,,https://www.chessgames.com/perl/chessgame?gid=1252391
yes,Mikhail Tal,Alexander Koblents,"Riga, Latvia",1957,"Tal-Koblents Match 1957, Game 2",1-0,37,Sicilian Defense: Richter-Rauzer Variation,,https://www.chessgames.com/perl/chessgame?gid=1139363
no,Tigran V Petrosian,Robert James Fischer,"Portoroz, Slovenia",1958,"Portoroz Interzonal 1958, Round 13",1/2-1/2,67,English Opening: King's Inidian Defense,,https://www.chessgames.com/perl/chessgame?gid=1008374
yes,Lev Polugaevsky,Rashid Nezhmetdinov,"Sochi, Russia",1958,RSFSR Championship,0-1,33,Indian Defense,,https://www.chessgames.com/perl/chessgame?gid=1111459
no,Milko Bobotsov,Mikhail Tal,"Varna, Bulgaria",1958,"World Student Team Chess Championship 1958, Round 2 ",0-1,30,King's Indian Defense: Saemich Variation,,https://www.chessgames.com/perl/chessgame?gid=1139428
no,Mikhail Tal,Dieter Keller,"Zurich, Switzerland",1959,"Zurich 1959, Round 7",1-0,34,Semi-Slav Defense: Botvinnik Variation,,https://www.chessgames.com/perl/chessgame?gid=1139481
no,Mikhail Tal,Vasily Smyslov,"Bled, Slovenia",1959,"Candidates 1959, Round 8",1-0,26,Caro Kann Defense,,https://www.chessgames.com/perl/chessgame?gid=1139475
yes,Mikhail Tal,Robert James Fischer,"Zagreb, Croatia",1959,"Candidates 1959, Round 20",1-0,34,King's Indian Defense,,https://www.chessgames.com/perl/chessgame?gid=1044505
no,Robert James Fischer,Mikhail Tal,"Belgrade, Serbia",1959,"Candidates 1959, Round 27",0-1,52,Sicilian Defense: Najdorf Variation,,https://www.chessgames.com/perl/chessgame?gid=1044001
yes,Boris Spassky,David Bronstein,"Leningrad, Russia",1960,"USSR Championship 1960, Round 16",1-0,23,King's Gambit Accepted,,https://www.chessgames.com/perl/chessgame?gid=1034110
yes,Mikhail Botvinnik,Mikhail Tal,"Moscow, Russia",1960,"World Championship 1960, Game 6",0-1,47,King's Indian Defense,,https://www.chessgames.com/perl/chessgame?gid=1032537
yes,Nikolai Krogius,Leonid Stein,"Kiev, Ukraine",1960,"Ukraine - Russia 1960, Round 2",0-1,42,King's Indian Defense,,https://www.chessgames.com/perl/chessgame?gid=1132189
no,Rene Letelier Martner,Robert James Fischer,"Leipzig, Germany",1960,"Leipzig Olympiad 1960 Qualifiers Group 4, Round 8",0-1,23,King's Indian Defense,,https://www.chessgames.com/perl/chessgame?gid=1008397
yes,Robert James Fischer,Mikhail Tal,"Leipzig, Germany",1960,"Leipzig Olympiad 1960, Round 5",1/2-1/2,21,French Defense: Winawer Variation,,https://www.chessgames.com/perl/chessgame?gid=1008399
no,Jonathan Penrose,Mikhail Tal,"Leipzig, Germany",1960,"Leipzig Olympiad 1960, Round 11",1-0,39,Benoni Defense,e4 Blockade in the Benoni,https://www.chessgames.com/perl/chessgame?gid=1105990
yes,Anatoly Rubezov,Georgy Borisenko,Correspondence,1960,USSR Correspondence Championship (1960),0-1,37,Sicilian Defense: Fischer-Sozin Attack,,https://www.chessgames.com/perl/chessgame?gid=1261681
no,Robert James Fischer,Mikhail Tal,"Bled, Slovenia",1961,"Bled 1961, Round 2",1-0,47,Sicilian Defense: Paulsen Variation,,https://www.chessgames.com/perl/chessgame?gid=1008404
no,Rashid Nezhmetdinov,Oleg Chernikov,"Rostov-on-Don, Russia",1962,"Chigorin Cup, 1962",1-0,33,Sicilian Defense: Accelerated Dragon,He Sacrificed His Queen!,https://www.chessgames.com/perl/chessgame?gid=1260278
yes,Eduard Gufeld,Lubomir Kavalek,"Mariánské Lázně, Czech",1962,"Student Olympiad 1962, Round 7",0-1,32,Ruy Lopez: Classical Variation,,https://www.chessgames.com/perl/chessgame?gid=1261710
yes,Mikhail Tal,Hans-Joachim Hecht,"Varna, Bulgaria",1962,"Varna Olympiad 1962, Round 9",1-0,49,Queen's Indian Defense,,https://www.chessgames.com/perl/chessgame?gid=1139582
no,Mikhail Botvinnik,Robert James Fischer,"Varna, Bulgaria",1962,"Varna Olympiad 1962, Round 10",1/2-1/2,68,Grunfeld Defense,,https://www.chessgames.com/perl/chessgame?gid=1008417
yes,Viktor Korchnoi,Mikhail Tal,"Yerevan, Armenia",1962,"USSR Championship 1962, Round 14",1-0,54,Benoni Defense,,https://www.chessgames.com/perl/chessgame?gid=1081478
yes,Robert Byrne,Robert James Fischer,"New York, USA",1963,"US Championship 1963/64, Round 3",0-1,21,King's Indian Defense,Fischer's Brilliancy Prize,https://www.chessgames.com/perl/chessgame?gid=1008419
no,Robert James Fischer,Pal Benko,"New York, USA",1963,"US Championship 1963/64, Round 10",1-0,21,Pirc Defense: Austrian Attack,Rook Interference on f6,https://www.chessgames.com/perl/chessgame?gid=1008421
no,Robert James Fischer,Reuben Fine,"New York, USA",1963,Casual Game,1-0,17,Giuoco Piano: Evan's Gambit,,https://www.chessgames.com/perl/chessgame?gid=1043992
yes,Vasily Smyslov,Mikhail Tal,"Moscow, Russia",1964,"4th Soviet Team Cup 1964, Round 3",0-1,72,English Opening: Symmetrical Variation,,https://www.chessgames.com/perl/chessgame?gid=1125953
yes,Ratmir Kholmov,David Bronstein,"Kiev, Ukraine",1965,"USSR Championship 1964, Round 17",1-0,34,Sicilian Defense: Najdorf Variation,,https://www.chessgames.com/perl/chessgame?gid=1034337
yes,Efim Geller,Vasily Smyslov,"Moscow, Russia",1965,"Geller - Smyslov Candidates Quarterfinals 1965, Game 5",1-0,31,Grunfeld Defense,,https://www.chessgames.com/perl/chessgame?gid=1049156
yes,Mikhail Tal,Bent Larsen,"Bled, Slovenia",1965,"Tal - Larsen Candidates Semifinal, Round 10",1-0,37,Sicilian Defense: Scheveningen Variation,Cutting the Board in Half,https://www.chessgames.com/perl/chessgame?gid=1139729
yes,Yakov Estrin,Hans Berliner,Correspondence,1965,5th Correspondence World Championship,0-1,42,Two Knights Defense: Ng5 Attack,,https://www.chessgames.com/perl/chessgame?gid=1224863
no,Boris Spassky,Tigran V Petrosian,"Moscow, Russia",1966,"World Championship 1966, Round 7",0-1,43,Torre Attack,Attacking with Pawns,https://www.chessgames.com/perl/chessgame?gid=1106720
yes,Tigran V Petrosian,Boris Spassky,"Moscow, Russia",1966,"World Championship 1966, Round 10",1-0,30,King's Indian Defense,The Petrosian Fork Part II,https://www.chessgames.com/perl/chessgame?gid=1106725
no,Robert James Fischer,Lhamsuren Myagmarsuren,"Sousse, Tunisia",1967,"Sousse Interzonal 1967, Round 3",1-0,31,French Defense,,https://www.chessgames.com/perl/chessgame?gid=1044267
yes,Mikhail Botvinnik,Lajos Portisch,"Monte Carlo, Monaco",1968,"Monte Carlo 1968, Round 7",1-0,26,English Defense: Reverse Sicilian,,https://www.chessgames.com/perl/chessgame?gid=1032787
yes,Lev Polugaevsky,Mikhail Tal,"Moscow, Russia",1969,"USSR Championship 1969, Round 2",1-0,37,Queen's Gambit Declined: Semi-Tarrasch Variation,,https://www.chessgames.com/perl/chessgame?gid=1111871
yes,Ben Larsen,Boris Spassky,"Belgrade, Serbia",1970,"USSR vs The World, Round 2",0-1,17,Nimzo-Larsen Attack,Brave Little Pawn,https://www.chessgames.com/perl/chessgame?gid=1128831
no,Robert James Fischer,Jorge Rubinetti,"Palma de Mallorca, Spain",1970,"Palma de Mallorca Interzonal 1970, Round 17",1-0,24,Sicilian Defense: Fischer-Sozin Attack,,https://www.chessgames.com/perl/chessgame?gid=1044332
yes,Robert James Fischer,Oscar Panno,"Buenos Aires, Argentina",1970,"Buenos Aires 1970, Round 8",1-0,36,King's Indian Attack,,https://www.chessgames.com/perl/chessgame?gid=1044324
no,Robert James Fischer,Mark Taimanov,"Vancouver, Canada",1971,"Fischer - Taimanov Candidates Quarterfinal 1971, Game 4",1-0,71,Sicilian Defense: Taimanov Variation,Fischer Endgame,https://www.chessgames.com/perl/chessgame?gid=1044361
yes,Robert James Fischer,Bent Larsen,"Denver, USA",1971,"Fischer - Larsen Candidates Semifinal 1971, Game 1",1-0,41,French Defense: Winawer Variation,,https://www.chessgames.com/perl/chessgame?gid=1044346
yes,Robert James Fischer,Tigran V Petrosian,"Buenos Aires, Argentina",1971,"Fischer - Petrosian Candidates Final 1971, Game 7",1-0,34,Sicilian Defense: Kan Variation,Giving up the Strong Knight for the Open File,https://www.chessgames.com/perl/chessgame?gid=1044351
yes,Dragoljub Velimirovic,Ljubomir Ljubojevic,"Umag, Croatia",1972,"Yugoslav Championship 1972, Round 6",1-0,27,Sicilian Defense: Najdorf Variation,Nd5 Sacrifice in the Silician,https://www.chessgames.com/perl/chessgame?gid=1091272
no,Boris Spassky,Robert James Fischer,"Reykjavik, Iceland",1972,"World Championship 1972, Round 5",0-1,27,Nimzo-Indian Defense,,https://www.chessgames.com/perl/chessgame?gid=1044723
yes,Robert James Fischer,Boris Spassky,"Reykjavik, Iceland",1972,"World Championship 1972, Round 6",1-0,41,Queen's Gambit Declined: Tartakower Variation,,https://www.chessgames.com/perl/chessgame?gid=1044366
no,Boris Spassky,Robert James Fischer,"Reykjavik, Iceland",1972,"World Championship 1972, Round 13",0-1,74,Alekhine Defense,,https://www.chessgames.com/perl/chessgame?gid=1128889
no,Vladimir Bagirov,Eduard Gufeld,"Kirovabad, Azerbaijan",1973,Kirovabad 1973,0-1,32,King's Indian Defense: Saemisch Variation,The Mona Lisa,https://www.chessgames.com/perl/chessgame?gid=1023029
no,Vlastimil Hort,Lajos Portisch,"Madrid, Spain",1973,"Madrid 1973, Round 4",1-0,32,Queen's Gambit Declined,,https://www.chessgames.com/perl/chessgame?gid=1057702
yes,Boris Spassky,Mikhail Tal,"Tallinn, Estonia",1973,"Tallinn 1973, Round 13",0-1,38,Nimzo-Indian Defense,,https://www.chessgames.com/perl/chessgame?gid=1128896
no,Anatoly Karpov,Wolfgang Unzicker,"Nice, France",1974,"Nice Olympiad 1974, Round 4",1-0,44,Ruy Lopez: Chigorin Defense,Doubling Rooks under the Bishop's Cover,https://www.chessgames.com/perl/chessgame?gid=1067846
no,Anatoly Karpov,Viktor Korchnoi,"Moscow, Russia",1974,"Karpov - Korchnoi Candidates Final, Round 2",1-0,27,Sicilian Defense: Dragon Variation,,https://www.chessgames.com/perl/chessgame?gid=1067858
no,Anatoly Karpov,Boris Spassky,"Leningrad, Russia",1974,"Karpov - Spassky Candidates Semifinal 1974, Game 9",1-0,35,Sicilian Defense: Scheveningen Variation,,https://www.chessgames.com/perl/chessgame?gid=1067812
no,Jacob Ost-Hansen,John Nunn,"Teesside, England",1974,"World Student Team Championship 1974, Round 4",0-1,38,Vienna Game: Frankenstein-Dracula Variation,,https://www.chessgames.com/perl/chessgame?gid=1102845
no,Ljubomir Ljubojevic,Ulf Andersson,"Wijk aan Zee, Netherlands",1976,"Hoogovens 1976, Round 3",1-0,34,Sicilian Defense: Taimanov Variation,,https://www.chessgames.com/perl/chessgame?gid=1019762
no,Anatoly Karpov,Iossif Dorfman,"Moscow, Russia",1976,"USSR Championship 1979, Round 8",1-0,50,Sicilian Defense: Scheveningen Variation,,https://www.chessgames.com/perl/chessgame?gid=1067966
no,Anatoly Karpov,Viktor Korchnoi,"Baguio, Philippines",1978,"Karpov - Korchnoi Championship Match 1978, Game 8",1-0,28,Ruy Lopez: Open Spanish,,https://www.chessgames.com/perl/chessgame?gid=1068075
no,Viktor Korchnoi,Anatoly Karpov,"Baguio, Philippines",1978,"Karpov - Korchnoi Championship Match 1978, Game 17",0-1,39,Nimzo-Indian Defense,,https://www.chessgames.com/perl/chessgame?gid=1241745
no,Efim Geller,Yuri Anikaev,"Minsk, Belarus ",1979,"USSR Championship 1979, Round 14",1-0,27,Sicilian Defense: Scheveningen Variation,,https://www.chessgames.com/perl/chessgame?gid=1049973
no,Jan Timman,Anatoly Karpov,"Montreal, Canada",1979,"Montreal 1979, Round 11",0-1,31,English Opening,,https://www.chessgames.com/perl/chessgame?gid=1068106
yes,Lev Polugaevsky,Eugenio Torre,"Moscow, Russia",1981,"Moscow 1981, Round 6",1-0,40,Semi-Slav: Botvinnik System,,https://www.chessgames.com/perl/chessgame?gid=1041460
no,Viktor Korchnoi,Garry Kasparov,"Lucerne, Switzerland",1982,"Lucerne Olympiad 1982, Round 10",0-1,36,Benoni Defense,,https://www.chessgames.com/perl/chessgame?gid=1070009
yes,Garry Kasparov,Lajos Portisch,"Niksic, Montenegro",1983,"Niksic 1983, Round 4",1-0,35,Queen's Indian Defense,Pieces are More Important than Pawns,https://www.chessgames.com/perl/chessgame?gid=1070074
no,John Nunn,Yasser Seirawan,"Lugano, Switzerland",1983,Lugano Open 1983,0-1,39,"Caro Kann, Advance Variation",,https://www.chessgames.com/perl/chessgame?gid=1103209
no,Vasily Smyslov,Zoltal Ribli,"London, England",1983,"Smyslov - Ribli Candidates Semifinal 1983, Game 5",1-0,41,Queen's Gambit Declined: Semi-Tarrasch Defense,,https://www.chessgames.com/perl/chessgame?gid=1126740
no,Jan Timman,Anatoly Karpov,"London, England",1984,"Phillips & Drew GLC Kings 1984, Round 3",0-1,26,Scotch Game: Schmidt Variation,,https://www.chessgames.com/perl/chessgame?gid=1068406
no,Anatoly Karpov,Garry Kasparov,"Moscow, Russia",1984,"World Championship 1984/5, Round 9",1-0,70,Tarrasch Defense,,https://www.chessgames.com/perl/chessgame?gid=1067121
no,Garry Kasparov,Anatoly Karpov,"Moscow, Russia",1985,"World Championship 1984/5, Round 48",1-0,67,Petrov's Defense,,https://www.chessgames.com/perl/chessgame?gid=1067198
no,Anatoly Karpov,Garry Kasparov,"Moscow, Russia",1985,"World Championship 1985, Round 4",1-0,63,Queen's Gambit Declined,,https://www.chessgames.com/perl/chessgame?gid=1067168
no,Garry Kasparov,Anatoly Karpov,"Moscow, Russia",1985,"World Championship 1985, Round 11",1-0,25,Nimzo-Indian Defense,,https://www.chessgames.com/perl/chessgame?gid=1067187
yes,Anatoly Karpov,Garry Kasparov,"Moscow, Russia",1985,"World Championship 1985, Round 16",0-1,40,Sicilian Defense: Paulsen Variation,The Octopus Knight,https://www.chessgames.com/perl/chessgame?gid=1067175
no,Anatoly Karpov,Garry Kasparov,"Moscow, Russia",1985,"World Championship 1985, Round 24",0-1,42,Sicilian Defense: Scheveningen Variation,,https://www.chessgames.com/perl/chessgame?gid=1067179
yes,Alexander Beliavsky,John Nunn,"Wijk aan Zee, Netherlands",1985,"Hoogovens 1985, Round 2",0-1,27,King's Indian Defense: Saemich Variation,,https://www.chessgames.com/perl/chessgame?gid=1103322
yes,Garry Kasparov,Anatoly Karpov,"London, England",1986,"World Championship 1986, Round 16",1-0,41,Ruy Lopez: Flohr System,,https://www.chessgames.com/perl/chessgame?gid=1067209
no,Garry Kasparov,Anatoly Karpov,"Seville, Spain",1987,"World Championship 1987, Game 24",1-0,62,English/Reti Opening,,https://www.chessgames.com/perl/chessgame?gid=1067242
no,Mikhail Tal,Johann Hjartarson,"Reykjavik, Iceland",1987,"Reykjavik 1987, Round 2",1-0,43,Ruy Lopez: Chigorin Defense,,https://www.chessgames.com/perl/chessgame?gid=1140914
no,Jonathan Gast,Edwin Bhend,"Bern, Switzerland",1987,"Bern 1987, Round 5",0-1,32,Sicilian Defense: Sveshnikov Variation,Classic Anastasia's Mate,https://www.chessgames.com/perl/chessgame?gid=1340102
no,John Nunn,Kiril Georgiev,"Linares, Spain",1988,"Linares 1988, Round 5",1-0,42,Caro Kann Defense: Karpov Variation,,https://www.chessgames.com/perl/chessgame?gid=1103592
yes,Jeroen Piket,Garry Kasparov,"Tilburg, Netherlands",1989,"Tilburg 1989, Round 8",0-1,28,King's Indian Defense,,https://www.chessgames.com/perl/chessgame?gid=1070485
no,Alexey Shirov,Jerzy Lapinski,"Daugavpils, Latvia",1990,Daugavpils 1990,1-0,17,King's Gambit Accepted,,https://www.chessgames.com/perl/chessgame?gid=1074916
no,Joel Lautier,Alexey Shirov,"Manila, Philippines",1990,"Manila Interzonal 1990, Round 11",0-1,32,King's Indian Defense,,https://www.chessgames.com/perl/chessgame?gid=1089742
no,Garry Kasparov,Vladimir Kramnik,"Lyon, France",1990,"World Championship 1990, Round 16",1-0,102,Scotch Game: Schmidt Variation,,https://www.chessgames.com/perl/chessgame?gid=1067288
no,Garry Kasparov,Anatoly Karpov,"Lyon, France",1990,"World Championship 1990, Round 20",1-0,41,Ruy Lopez: Flohr System,,https://www.chessgames.com/perl/chessgame?gid=1067294
no,Miguel Illescas Cordoba,Nigel Short,"Pamplona, Spain",1990,"Pamplona 1990, Round 5",0-1,30,Queen's Gambit Declined: Tartakower Variation,,https://www.chessgames.com/perl/chessgame?gid=1609855
yes,Nigel Short,Jan Timman,"Tilburg, Netherlands",1991,"Tilburg 1991, Round 4",1-0,34,Alekhine Defense,The King Walk,https://www.chessgames.com/perl/chessgame?gid=1124533
yes,Vasyl Ivanchuk,Artur Yusupov,"Brussels, Belgium",1991,"Candidates 1991, Game 9",0-1,39,King's Indian Defense,,https://www.chessgames.com/perl/chessgame?gid=1060180
no,Michail Brodsky,Vladimir Kramnik,"Kherson, Ukraine",1991,URS-ch Young Masters 1991,0-1,31,Sicilian Defense: Sveshnikov Variation,,https://www.chessgames.com/perl/chessgame?gid=1085652
no,Vasyl Ivanchuk,Garry Kasparov,"Linares, Spain",1991,"Linares 1991, Round 1",1-0,38,Sicilian Defense: Moscow Variation,,https://www.chessgames.com/perl/chessgame?gid=1060207
no,Robert James Fischer,Boris Spassky,"Belgrade, Serbia",1992,"Fischer - Spassky Rematch, Round 9",1-0,21,"Ruy Lopez, Exchange Variation",,https://www.chessgames.com/perl/chessgame?gid=1044389
no,Li Yang Hsu,John Nunn,"Manila, Philippines",1992,"Manila Olympiad 1992, Round 1",0-1,27,King's Indian Defense,,https://www.chessgames.com/perl/chessgame?gid=1103860
no,Anatoly Karpov,Garry Kasparov,"Linares, Spain",1993,"Linares 1993, Round 10",0-1,27,"King's Indian Defense, Saemisch Variation",Setting Up for the Next Game,https://www.chessgames.com/perl/chessgame?gid=1067319
no,Grigory Serper,Ioannis Nikolaidis,"St. Petersburg, Russia",1993,St. Petersburg Open 1993,1-0,48,"King's Indian Defense, Kramer Variation",,https://www.chessgames.com/perl/chessgame?gid=1289099
no,Garry Kasparov,Alexey Shirov,"Horgen, Switzerland",1994,"Credit Suisse Masters 1994, Round 9",1-0,38,Sicilian Defense: Sveshnikov Variation,,https://www.chessgames.com/perl/chessgame?gid=1070699
yes,Anatoly Karpov,Veselin Topalov,"Linares, Spain",1994,"Linares 1994, Round 4",1-0,39,English Opening,Karpov's Immortal,https://www.chessgames.com/perl/chessgame?gid=1069169
no,Vladimir Kramnik,Alexey Shirov,"Linares, Spain",1994,"Linares 1994, Round 12",0-1,43,Queen's Gambit Declined,,https://www.chessgames.com/perl/chessgame?gid=1085871
no,Garry Kasparov,Vladimir Kramnik,"Novgorod, Russia",1994,"Novgorod 1994, Round 4",1-0,36,Sicilian Defense: Sveshnikov Variation,,https://www.chessgames.com/perl/chessgame?gid=1070747
no,Vladimir Kramnik,Garry Kasparov,"Munich, Germany",1994,Intel World Chess Express Challenge 1994,0-1,39,King's Indian Defense,,https://www.chessgames.com/perl/chessgame?gid=1070732
yes,Alexey Shirov,Judit Polgar,"Buenos Aires, Argentina",1994,"Buenos Aires Sicilian 1994, Round 8",0-1,29,Sicilian Defense: Paulsen Variation,,https://www.chessgames.com/perl/chessgame?gid=1111195
yes,Garry Kasparov,Viswanathan Anand,"New York, USA",1995,"World Championship 1995, Round 10",1-0,38,Ruy Lopez: Open Spanish,,https://www.chessgames.com/perl/chessgame?gid=1018625
yes,Veselin Topalov,Vladimir Kramnik,"Belgrade, Serbia",1995,"Belgrade Investbank 1995, Round 6",0-1,40,Sicilian Defense: Classical Variation,,https://www.chessgames.com/perl/chessgame?gid=1086001
no,Alexander Morozevich,Viswanathan Anand,"Moscow, Russia",1995,"Moscow PCA-Intel GP 1995, Round 2",1-0,28,King's Gambit Accepted,,https://www.chessgames.com/perl/chessgame?gid=1018654
no,Garry Kasparov,Vladimir Kramnik,"Dos Hermanas, Spain",1996,"Dos Hermanas 1996, Round 6",0-1,35,Semi-Slav Defense: Meran Variation,,https://www.chessgames.com/perl/chessgame?gid=1070865
no,Boris Gelfand,Vladimir Kramnik,"Berlin, Germany",1996,"European Club Cup 1996, Round 2",0-1,28,Semi-Slav Defense,,https://www.chessgames.com/perl/chessgame?gid=1284067
no,Veselin Topalov,Alexey Shirov,"Linares, Spain",1998,"Linares 1998, Round 10",0-1,53,Grunfeld Defense,Bishop Sac for Double Rook Pawns,https://www.chessgames.com/perl/chessgame?gid=1143956
yes,Garry Kasparov,Veselin Topalov,"Wijk aan Zee, Netherlands",1999,"Wijk aan Zee 1999, Round 4",1-0,44,Pric Defense,Kasparov's Immortal,https://www.chessgames.com/perl/chessgame?gid=1011478
no,Judit Polgar,Viswanathan Anand,"Dos Hermanas, Spain",1999,"Dos Hermanas 1999, Round 1",1-0,34,Sicilian Defense: Scheveningen Variation,,https://www.chessgames.com/perl/chessgame?gid=1009882
no,Garry Kasparov,Alexander Morozevich,"Wijk aan Zee, Netherlands",2000,"Corus 2000, Round 5",1-0,45,Slav Defense,,https://www.chessgames.com/perl/chessgame?gid=1005706
no,Garry Kasparov,Vladimir Kramnik,Astana 2001,2001,"Astana 2001, Round 10",1-0,41,Ruy Lopez: Berln Defense,Fall of the Berlin Wall,https://www.chessgames.com/perl/chessgame?gid=1165519
no,Loek van Wely,Alexander Morozevich,"Wijk aan Zee, Netherlands",2001,"Corus 2001, Round 3",0-1,21,Slav Defense,,https://www.chessgames.com/perl/chessgame?gid=1235478
no,Viswanathan Anand,Victor Bologan,"Dortmund, Germany",2003,"Dortmund Sparkassen 2003, Round 7",1-0,36,"Caro Kann, Karpov Variation",,https://www.chessgames.com/perl/chessgame?gid=1266094
no,Jon Ludvig Hammer,Magnus Carlsen,"Chalkidiki, Greece",2003,"World Youth Championship (U14), Round 1",0-1,17,King's Indian Defense,Anastasia's Mate,https://www.chessgames.com/perl/chessgame?gid=1269885
no,Judit Polgar,Ferenc Berkes,"Budapest, Hungary",2003,"Hunguest Hotels Super Chess Tournament 2003, Round 7",1-0,24,French Defense: Burn Variation,,https://www.chessgames.com/perl/chessgame?gid=1261813
no,Magnus Carlsen,Hans Krogh Harestad,"Copenhagen, Denmark",2003,"Politiken Cup 2003, Round 9",1-0,38,Ruy Lopez: Chigorin Defense,,https://www.chessgames.com/perl/chessgame?gid=1268980
no,Magnus Carlsen,Sipke Ernst,"Wijk aan Zee, Netherlands",2004,"Wijk aan Zee 2004, Round 12",1-0,29,"Caro Kann, Classical Variation",,https://www.chessgames.com/perl/chessgame?gid=1272702
no,Vladimir Kramnik,Peter Leko,"Brissago, Switzerland",2004,"World Championship 2004, Round 14",1-0,41,Caro Kann: Tal Variation,,https://www.chessgames.com/perl/chessgame?gid=1311652
no,Alexander Morozevich,Victor Bologan,"Sochi, Russia",2004,"Russia Team Championship 2004, Round 2",1-0,28,Caro Kann,,https://www.chessgames.com/perl/chessgame?gid=1282785
no,Alexander Morozevich,Evgeny Alekseev,"Sochi, Russia",2004,"Russia Team Championship 2004, Round 4",1-0,32,Sicilian Defense: Classical Variation,,https://www.chessgames.com/perl/chessgame?gid=1282835
no,Michael Adams,Garry Kasparov,"Linares, Spain",2005,"Linares 2005, Round 12",0-1,26,Sicilian Defense: Najdorf Variation,,https://www.chessgames.com/perl/chessgame?gid=1333302
no,Magnus Carlsen,Atle Groenn,"Sandnes, Norway",2005,"Norwegian Championship 2005, Round 9",1-0,24,Semi-Slav Defense,,https://www.chessgames.com/perl/chessgame?gid=1348050
no,Ivan Sokolov,Alexander Morozevich,"Wijk aan Zee, Netherlands",2005,"Corus Group A 2005, Round 9",0-1,34,Queen's Gambit Declined: Albin Countergambit,,https://www.chessgames.com/perl/chessgame?gid=1328801
no,Arkadij Naiditsch,Magnus Carlsen,"Turin, Italy",2006,"Turin Olympiad 2006, Round 12",0-1,54,Two Knghts Defense: Ng5 Attack,,https://www.chessgames.com/perl/chessgame?gid=1417813
yes,Veselin Topalov,Levon Aronian,"Wijk aan Zee, Netherlands",2006,"Wijk aan Zee 2006, Round 10",1-0,44,Queen's Indian Defense,,https://www.chessgames.com/perl/chessgame?gid=1387655
no,Vladimir Kramnik,Magnus Carlsen,"Wijk aan Zee, Netherlands",2008,"Corus 2008, Round 12",0-1,57,English Opening,,https://www.chessgames.com/perl/chessgame?gid=1482706
no,Alexander Morozevich,Vladimir Kramnik,"Moscow, Russia",2008,"Tal Memorial 2008, Round 3",1-0,31,Semi-Slav Defense,,https://www.chessgames.com/perl/chessgame?gid=1502822
no,Alexander Morozevich,Maxime Vachier-Lagrave,"Biel, Switzerland",2009,"Biel 2009, Round 8",0-1,76,Sicilian Defense: Scheveningen Variation,,https://www.chessgames.com/perl/chessgame?gid=1551140
no,Vugar Gashimov,Alexander Grischuk,"Bursa, Turkey",2010,"World Team Championship 2010, Round 4",0-1,41,Sicilian Defense: Najdorf Variation,,https://www.chessgames.com/perl/chessgame?gid=1567830
no,Boris Gelfand,Hikaru Nakamura,"Bursa, Turkey",2010,"World Team Championship 2010, Round 5",0-1,33,King's Indian Defense,,https://www.chessgames.com/perl/chessgame?gid=1567841
yes,Viswanathan Anand,Veselin Topalov,"Sofia, Bulgaria",2010,"Anand-Topalov World Championship Match 2010, Round 4",1-0,32,Catalan Opening: Open Catalan,,https://www.chessgames.com/perl/chessgame?gid=1581335
no,Marc Esserman,Loek van Wely,"Orlando, USA",2011,"US Open 2011, Round 6",1-0,26,Sicilian Defense: Smith-Morra Gambit,,https://www.chessgames.com/perl/chessgame?gid=1630005
no,Magnus Carlsen,Viswanathan Anand,"Sao Paulo, Brazil",2012,"Grand Slam Chess Final 2012, Round 9",1-0,30,Sicilian Defense: Moscow Variation,,https://www.chessgames.com/perl/chessgame?gid=1693032
no,Alexander Morozevich,Peter Leko,"Tashkent, Uzbekistan",2012,"Grand Prix Tashkent 2012, Round 10",1-0,42,English Opening: Symmetrical Variation,,https://www.chessgames.com/perl/chessgame?gid=1699947
yes,Levon Aronian,Viswanathan Anand,"Wijk aan Zee, Netherlands",2013,"Wijk aan Zee 2013, Round 4",0-1,23,Semi-Slav: Meran Variation,Rotlewi Rubinstein Redux,https://www.chessgames.com/perl/chessgame?gid=1704763
no,Anish Giri,Johan-Sebastian Christiansen,"Reykjavik, Iceland",2013,"Reykjavik Open 2013, Round 1",1-0,39,Ruy Lopez: Scliemann Defense,Major Piece Endgame,https://www.chessgames.com/perl/chessgame?gid=1710851
no,Magnus Carlsen,Boris Gelfand,"London, England",2013,"Candidates 2013, Round 10",1-0,48,Sicilian Defense: Rossolimo Attack,,https://www.chessgames.com/perl/chessgame?gid=1713491
yes,Viswanathan Anand,Magnus Carlsen,"Chennai, India",2013,"Anand - Carlsen World Championship Match 2013, Game 9",0-1,28,Nimzo-Indian Defense,,https://www.chessgames.com/perl/chessgame?gid=1737896
no,Wei Yi,Lazaro Bruzon Batista,"Danzhou, China",2015,"Hainan Danzhou 2015, Round 2",1-0,36,"Sicilian, 2.e6",Quiet Moves in the Mating Attack,https://www.chessgames.com/perl/chessgame?gid=1795096
no,Fabiano Caruana,Magnus Carlsen,"Wijk aan Zee, Netherlands",2015,"Wijk aan Zee 2015, Round 6",0-1,39,Sicilian Defense: Rossolimo Attack,,https://www.chessgames.com/perl/chessgame?gid=1782716
no,Wesley So,Garry Kasparov,"St. Louis, USA",2016,"Ultimate Blitz Challenge 2016, Round 10",1-0,25,Modern Defense,The Immortal Blitz Game,https://www.chessgames.com/perl/chessgame?gid=1820152
no,Levon Aronian,Magnus Carlsen,"Stavanger, Norway",2017,"Norway Chess 2017, Round 4",1-0,35,Semi-Slav Defense,,https://www.chessgames.com/perl/chessgame?gid=1877986
yes,Jinshi Bai,Ding Liren,"Ningbo, China",2017,"Chinese Chess League, 2017",0-1,32,Nimzo-Indian Defense,,https://www.chessgames.com/perl/chessgame?gid=1891363
no,Levon Aronian,Vladimir Kramnik,"Berlin, Germany",2018,"World Champion Candidates 2018, Round 3",0-1,27,Ruy Lopez: Berlin Defense,,https://www.chessgames.com/perl/chessgame?gid=1914397
no,Jan-Krzysztof Duda,Magnus Carlsen,"Stavanger, Norway",2020,"Norway Chess 2020, Round 5",1-0,63,Caro Kann Defense: Tartakower Variation,,https://www.chessgames.com/perl/chessgame?gid=2010697
no,Magnus Carlsen,Alireza Firouzja,"Wijk aan Zee, Netherlands",2021,"Wijk aan Zee 2021, Round 1",1-0,40,Queen's Gambit Declined,,https://www.chessgames.com/perl/chessgame?gid=2020416
no,Magnus Carlsen,Ian Nepomniachtchi,"Dubai, UAE",2021,"World Championship 2021, Game 6",1-0,136,Queen's Pawn Game: Catalan Variation,,https://www.chessgames.com/perl/chessgame?gid=2127373
no,Fabiano Caruana,Teimour Radjabov,"Madrid, Spain",2022,"World Championship Candidates 2022, Round 7",1-0,56,Sicilian Defense: O'Kelly Variation,,https://www.chessgames.com/perl/chessgame?gid=2291091
no,Simon Williams,Anastasiya Rakhmangulova,"Reykjavik, Iceland",2023,"Reykjavik Open 2023, Round 2",1-0,20,Slav Defense: Exchange Variation,,https://www.chessgames.com/perl/chessgame?gid=2467913
,,,,,,,,,,https://www.chessgames.com/perl/chessgame?gid=1003047
,,,,,,,,,,https://www.chessgames.com/perl/chessgame?gid=1003436
,,,,,,,,,,https://www.chessgames.com/perl/chessgame?gid=1282945
,,,,,,,,,,https://www.chessgames.com/perl/chessgame?gid=1036412
,,,,,,,,,,https://www.chessgames.com/perl/chessgame?gid=1064571
,,,,,,,,,,https://www.chessgames.com/perl/chessgame?gid=1007411
,,,,,,,,,,https://www.chessgames.com/perl/chessgame?gid=1487929
,,,,,,,,,,https://www.chessgames.com/perl/chessgame?gid=1594902
,,,,,,,,,,https://www.chessgames.com/perl/chessgame?gid=1060697
,,,,,,,,,,https://www.chessgames.com/perl/chessgame?gid=1406152
,,,,,,,,,,https://www.chessgames.com/perl/chessgame?gid=1060586
,,,,,,,,,,https://www.chessgames.com/perl/chessgame?gid=1060207
,,,,,,,,,,https://www.chessgames.com/perl/chessgame?gid=1060750
,,,,,,,,,,https://www.chessgames.com/perl/chessgame?gid=1018218
,,,,,,,,,,https://www.chessgames.com/perl/chessgame?gid=1060718
,,,,,,,,,,https://www.chessgames.com/perl/chessgame?gid=1451573
,,,,,,,,,,https://www.chessgames.com/perl/chessgame?gid=1531003
,,,,,,,,,,https://www.chessgames.com/perl/chessgame?gid=1069923
,,,,1853,,,,,Boden's Mate Original,https://www.chessgames.com/perl/chessgame?gid=1262425
,,,,,,,,,Classic Boden's Mate,https://www.chessgames.com/perl/chessgame?gid=1271758